Questo file è stato scaricato il 09 giu 2026;;;;;;
;;;;;;
Dati delle partecipazioni;;;;;;
Vanguard FTSE North America UCITS ETF (USD) Accumulating;;;;;;
Al 30 apr 2026;;;;;;
;;;;;;
Ticker;Nome delle partecipazioni;% del valore di mercato;Settore;Regione;Valore di mercato;Azioni
NVDA;NVIDIA Corp;7,11%;Technology;US;427.402.704,26 USD;2.141.618
AAPL;Apple Inc;5,9506%;Technology;US;357.711.750,45 USD;1.318.267
MSFT;Microsoft Corp;4,6035%;Technology;US;276.733.780,30 USD;678.635
AMZN;Amazon.com Inc;3,8704%;Consumer Discretionary;US;232.665.161,98 USD;877.783
GOOGL;Alphabet Inc;3,4047%;Technology;US;204.669.732,80 USD;531.886
AVGO;Broadcom Inc;2,9345%;Technology;US;176.404.248,28 USD;422.596
GOOG;Alphabet Inc;2,7519%;Technology;US;165.423.561,16 USD;433.114
META;Meta Platforms Inc;2,0337%;Technology;US;122.254.110,81 USD;199.791
TSLA;Tesla Inc;1,6392%;Consumer Discretionary;US;98.535.721,11 USD;258.197
BRK/B;Berkshire Hathaway Inc;1,3117%;Financials;US;78.849.190,40 USD;166.489
JPM;JPMorgan Chase & Co;1,1891%;Financials;US;71.478.772,77 USD;228.199
LLY;Eli Lilly & Co;1,1397%;Health Care;US;68.513.656,80 USD;73.308
XOM;Exxon Mobil Corp;0,9926%;Energy;US;59.665.521,30 USD;386.610
MU;Micron Technology Inc;0,8796%;Technology;US;52.877.541,36 USD;102.246
WMT;Walmart Inc;0,8737%;Consumer Discretionary;US;52.519.090,19 USD;398.083
AMD;Advanced Micro Devices Inc;0,869%;Technology;US;52.236.582,93 USD;147.357
V;Visa Inc;0,8453%;Industrials;US;50.815.480,24 USD;154.061
JNJ;Johnson & Johnson;0,8419%;Health Care;US;50.611.361,05 USD;220.193
COST;Costco Wholesale Corp;0,6854%;Consumer Discretionary;US;41.204.121,42 USD;40.614
INTC;Intel Corp;0,6362%;Technology;US;38.242.291,68 USD;404.766
CAT;Caterpillar Inc;0,6274%;Industrials;US;37.717.521,14 USD;42.374
MA;Mastercard Inc;0,616%;Industrials;US;37.029.999,60 USD;73.630
NFLX;Netflix Inc;0,604%;Consumer Discretionary;US;36.305.608,79 USD;387.839
ABBV;AbbVie Inc;0,5699%;Health Care;US;34.258.775,76 USD;162.118
CSCO;Cisco Systems Inc;0,5543%;Telecommunications;US;33.321.463,50 USD;364.169
CVX;Chevron Corp;0,5513%;Energy;US;33.141.066,40 USD;171.440
PG;Procter & Gamble Co/The;0,526%;Consumer Staples;US;31.618.760,58 USD;214.962
BAC;Bank of America Corp;0,5138%;Financials;US;30.887.316,90 USD;577.765
UNH;UnitedHealth Group Inc;0,5133%;Health Care;US;30.853.574,40 USD;83.280
HD;Home Depot Inc/The;0,4984%;Consumer Discretionary;US;29.960.256,00 USD;91.120
LRCX;Lam Research Corp;0,4928%;Technology;US;29.623.472,52 USD;114.882
AMAT;Applied Materials Inc;0,4764%;Technology;US;28.637.212,57 USD;72.593
KO;Coca-Cola Co/The;0,4662%;Consumer Staples;US;28.025.958,40 USD;355.840
PLTR;Palantir Technologies Inc;0,4626%;Technology;US;27.807.532,56 USD;199.896
GE;General Electric Co;0,4591%;Industrials;US;27.596.697,12 USD;95.184
GEV;GE Vernova Inc;0,4453%;Industrials;US;26.767.962,76 USD;24.706
ORCL;Oracle Corp;0,4136%;Technology;US;24.862.290,89 USD;154.051
MRK;Merck & Co Inc;0,413%;Health Care;US;24.826.767,74 USD;227.393
PM;Philip Morris International Inc;0,3915%;Consumer Staples;US;23.533.864,83 USD;142.569
TXN;Texas Instruments Inc;0,3889%;Technology;US;23.377.423,60 USD;83.170
GS;Goldman Sachs Group Inc/The;0,3878%;Financials;US;23.310.412,18 USD;25.234
WFC;Wells Fargo & Co;0,3876%;Financials;US;23.302.501,86 USD;283.382
RY;Royal Bank of Canada;0,3826%;Financials;CA;22.996.120,76 USD;128.116
RTX;RTX Corp;0,3586%;Industrials;US;21.554.841,54 USD;122.422
LIN;Linde PLC;0,3583%;Basic Materials;US;21.538.997,20 USD;42.980
KLAC;KLA Corp;0,3506%;Technology;US;21.072.463,65 USD;12.039
PEP;PepsiCo Inc;0,3306%;Consumer Staples;US;19.876.072,41 USD;125.409
MS;Morgan Stanley;0,3292%;Financials;US;19.789.150,29 USD;103.831
IBM;International Business Machines Corp;0,3272%;Technology;US;19.666.099,16 USD;85.142
MCD;McDonald's Corp;0,3195%;Consumer Discretionary;US;19.205.483,44 USD;65.416
C;Citigroup Inc;0,3192%;Financials;US;19.190.856,96 USD;149.952
NEE;NextEra Energy Inc;0,3109%;Utilities;US;18.686.466,56 USD;190.912
VZ;Verizon Communications Inc;0,3088%;Telecommunications;US;18.564.315,45 USD;386.515
ADI;Analog Devices Inc;0,2994%;Technology;US;17.995.503,36 USD;44.736
QCOM;QUALCOMM Inc;0,2924%;Technology;US;17.575.853,76 USD;97.872
AMGN;Amgen Inc;0,2835%;Health Care;US;17.043.810,00 USD;49.224
DIS;Walt Disney Co/The;0,2806%;Consumer Discretionary;US;16.865.703,75 USD;162.561
TMO;Thermo Fisher Scientific Inc;0,2754%;Health Care;US;16.551.899,68 USD;34.558
TD;Toronto-Dominion Bank/The;0,275%;Financials;CA;16.532.570,03 USD;153.779
T;AT&T Inc;0,2749%;Telecommunications;US;16.527.251,13 USD;632.501
APH;Amphenol Corp;0,2735%;Technology;US;16.440.191,91 USD;111.633
ANET;Arista Networks Inc;0,2712%;Telecommunications;US;16.304.514,84 USD;94.404
TJX;TJX Cos Inc/The;0,2669%;Consumer Discretionary;US;16.041.481,50 USD;102.338
AXP;American Express Co;0,2656%;Industrials;US;15.965.131,00 USD;49.420
BA;Boeing Co/The;0,2635%;Industrials;US;15.836.737,41 USD;69.147
ETN;Eaton Corp PLC;0,2583%;Industrials;US;15.528.604,62 USD;35.862
GILD;Gilead Sciences Inc;0,248%;Health Care;US;14.908.956,32 USD;113.948
BLK;BlackRock Funding Inc/DE;0,2475%;Financials;US;14.877.907,20 USD;13.962
ISRG;Intuitive Surgical Inc;0,2459%;Health Care;US;14.783.548,66 USD;32.306
UNP;Union Pacific Corp;0,2454%;Industrials;US;14.751.874,16 USD;54.742
CRM;Salesforce Inc;0,245%;Technology;US;14.727.191,78 USD;83.426
ABT;Abbott Laboratories;0,2393%;Health Care;US;14.386.311,03 USD;158.457
SNDK;Sandisk Corp/DE;0,2388%;Technology;US;14.352.219,39 USD;13.089
COP;ConocoPhillips;0,2369%;Energy;US;14.241.943,62 USD;113.229
SCHW;Charles Schwab Corp/The;0,2329%;Financials;US;14.002.592,00 USD;152.800
PFE;Pfizer Inc;0,2309%;Health Care;US;13.879.354,20 USD;519.826
UBER;Uber Technologies Inc;0,2287%;Consumer Discretionary;US;13.745.847,96 USD;184.236
WELL;Welltower Inc;0,2274%;Real Estate;US;13.670.468,66 USD;62.899
SHOP;Shopify Inc;0,226%;Technology;CA;13.583.248,31 USD;112.131
WDC;Western Digital Corp;0,225%;Technology;US;13.524.869,52 USD;31.126
STX;Seagate Technology Holdings PLC;0,2231%;Technology;US;13.410.825,12 USD;19.908
DE;Deere & Co;0,2194%;Industrials;US;13.190.672,94 USD;22.362
PANW;Palo Alto Networks Inc;0,2183%;Technology;US;13.123.354,88 USD;73.184
MRVL;Marvell Technology Inc;0,2128%;Technology;US;12.790.537,20 USD;77.448
BKNG;Booking Holdings Inc;0,2086%;Consumer Discretionary;US;12.537.264,12 USD;74.467
HON;Honeywell International Inc;0,2075%;Industrials;US;12.472.505,69 USD;58.193
LOW;Lowe's Cos Inc;0,2037%;Consumer Discretionary;US;12.247.300,31 USD;51.289
PLD;Prologis Inc;0,2005%;Real Estate;US;12.054.799,62 USD;84.881
SPGI;S&P Global Inc;0,1991%;Financials;US;11.965.770,04 USD;27.748
GLW;Corning Inc;0,1951%;Technology;US;11.730.020,80 USD;71.420
VRT;Vertiv Holdings Co;0,1903%;Technology;US;11.438.678,78 USD;34.822
BMY;Bristol-Myers Squibb Co;0,188%;Health Care;US;11.303.185,68 USD;186.552
MO;Altria Group Inc;0,1866%;Consumer Staples;US;11.214.254,00 USD;154.360
NEM;Newmont Corp;0,1858%;Basic Materials;US;11.167.211,16 USD;100.524
ENB;Enbridge Inc;0,1839%;Energy;CA;11.052.911,04 USD;199.683
SBUX;Starbucks Corp;0,1824%;Consumer Discretionary;US;10.963.273,05 USD;104.085
CB;Chubb Ltd;0,1819%;Financials;US;10.933.572,00 USD;33.436
PGR;Progressive Corp/The;0,1795%;Financials;US;10.791.425,92 USD;53.614
COF;Capital One Financial Corp;0,179%;Industrials;US;10.758.329,40 USD;56.238
PH;Parker-Hannifin Corp;0,1751%;Industrials;US;10.527.445,92 USD;11.576
DHR;Danaher Corp;0,1716%;Health Care;US;10.315.035,90 USD;57.642
CRWD;Crowdstrike Holdings Inc;0,1677%;Technology;US;10.083.310,75 USD;22.621
ACN;Accenture PLC;0,1674%;Industrials;US;10.065.125,91 USD;56.321
TT;Trane Technologies PLC;0,1672%;Industrials;US;10.050.278,70 USD;20.405
VRTX;Vertex Pharmaceuticals Inc;0,1652%;Health Care;US;9.929.319,54 USD;23.233
SYK;Stryker Corp;0,1651%;Health Care;US;9.925.649,61 USD;31.497
BMO;Bank of Montreal;0,1641%;Financials;CA;9.862.245,48 USD;64.898
PWR;Quanta Services Inc;0,1632%;Industrials;US;9.807.428,52 USD;13.476
LMT;Lockheed Martin Corp;0,1627%;Industrials;US;9.777.201,72 USD;18.876
SO;Southern Co/The;0,1623%;Utilities;US;9.753.742,20 USD;100.866
APP;AppLovin Corp;0,162%;Technology;US;9.736.232,55 USD;21.813
INTU;Intuit Inc;0,1614%;Technology;US;9.704.730,00 USD;24.980
EQIX;Equinix Inc;0,1611%;Real Estate;US;9.681.583,03 USD;8941
CM;Canadian Imperial Bank of Commerce;0,1593%;Financials;CA;9.573.598,17 USD;85.971
CVS;CVS Health Corp;0,1588%;Consumer Staples;US;9.547.449,41 USD;114.629
MDT;Medtronic PLC;0,1581%;Health Care;US;9.502.477,26 USD;117.358
CME;CME Group Inc;0,1576%;Financials;US;9.472.444,02 USD;32.911
ADBE;Adobe Inc;0,1536%;Technology;US;9.232.933,70 USD;37.517
DUK;Duke Energy Corp;0,1534%;Utilities;US;9.223.571,35 USD;71.197
MCK;McKesson Corp;0,1533%;Consumer Staples;US;9.217.466,40 USD;11.307
CMCSA;Comcast Corp;0,1488%;Telecommunications;US;8.946.373,28 USD;330.857
CEG;Constellation Energy Corp;0,1487%;Utilities;US;8.936.776,00 USD;28.552
HWM;Howmet Aerospace Inc;0,1484%;Industrials;US;8.918.595,84 USD;36.696
CNQ;Canadian Natural Resources Ltd;0,1482%;Energy;CA;8.909.533,35 USD;187.026
BNS;Bank of Nova Scotia/The;0,1475%;Financials;CA;8.869.014,06 USD;114.228
BN;Brookfield Corp;0,1453%;Financials;CA;8.735.309,68 USD;193.800
TMUS;T-Mobile US Inc;0,1434%;Telecommunications;US;8.622.527,50 USD;44.105
AEM;Agnico Eagle Mines Ltd;0,1426%;Basic Materials;CA;8.569.506,66 USD;45.664
BX;Blackstone Inc;0,1419%;Financials;US;8.527.761,06 USD;67.907
WMB;Williams Cos Inc/The;0,1414%;Energy;US;8.502.536,51 USD;111.421
BK;Bank of New York Mellon Corp/The;0,1409%;Financials;US;8.470.819,17 USD;63.041
CMI;Cummins Inc;0,1404%;Industrials;US;8.438.621,76 USD;12.576
NOW;ServiceNow Inc;0,1404%;Technology;US;8.436.607,54 USD;95.534
SNPS;Synopsys Inc;0,1403%;Technology;US;8.434.400,20 USD;17.477
ICE;Intercontinental Exchange Inc;0,1373%;Financials;US;8.255.143,62 USD;52.218
CDNS;Cadence Design Systems Inc;0,1369%;Technology;US;8.226.236,81 USD;24.959
JCI;Johnson Controls International plc;0,1361%;Industrials;US;8.180.162,51 USD;56.017
USB;US Bancorp;0,1347%;Financials;US;8.095.807,44 USD;142.884
GD;General Dynamics Corp;0,1324%;Industrials;US;7.961.248,90 USD;23.123
PNC;PNC Financial Services Group Inc/The;0,1322%;Financials;US;7.945.936,00 USD;35.632
FDX;FedEx Corp;0,1315%;Industrials;US;7.903.262,76 USD;19.596
WM;Waste Management Inc;0,131%;Utilities;US;7.874.608,10 USD;33.862
ADP;Automatic Data Processing Inc;0,1303%;Industrials;US;7.833.302,40 USD;36.960
AMT;American Tower Corp;0,1301%;Real Estate;US;7.818.891,74 USD;42.794
SLB;SLB Ltd;0,1299%;Energy;US;7.811.330,40 USD;137.330
CSX;CSX Corp;0,1298%;Industrials;US;7.804.737,71 USD;171.797
BSX;Boston Scientific Corp;0,1295%;Health Care;US;7.781.670,75 USD;135.075
MELI;MercadoLibre Inc;0,1286%;Consumer Discretionary;US;7.728.027,93 USD;4311
ORLY;O'Reilly Automotive Inc;0,1274%;Consumer Discretionary;US;7.658.670,60 USD;77.049
FCX;Freeport-McMoRan Inc;0,1259%;Basic Materials;US;7.565.655,42 USD;130.939
SU;Suncor Energy Inc;0,1254%;Energy;CA;7.539.336,39 USD;110.247
MRSH;Marsh & McLennan Cos Inc;0,124%;Financials;US;7.456.218,89 USD;44.459
MAR;Marriott International Inc/MD;0,1222%;Consumer Discretionary;US;7.343.753,76 USD;20.304
ELV;Elevance Health Inc;0,1215%;Health Care;US;7.304.806,52 USD;19.406
UPS;United Parcel Service Inc;0,1214%;Industrials;US;7.300.262,40 USD;67.098
MDLZ;Mondelez International Inc;0,1211%;Consumer Staples;US;7.280.947,20 USD;118.505
CRH;CRH PLC;0,121%;Industrials;US;7.272.527,46 USD;61.413
EMR;Emerson Electric Co;0,1204%;Industrials;US;7.236.030,56 USD;51.524
CP;Canadian Pacific Kansas City Ltd;0,1191%;Industrials;CA;7.161.570,24 USD;82.509
MMM;3M Co;0,119%;Industrials;US;7.152.373,80 USD;48.815
NOC;Northrop Grumman Corp;0,118%;Industrials;US;7.091.676,24 USD;12.238
EOG;EOG Resources Inc;0,117%;Energy;US;7.032.154,82 USD;50.026
VLO;Valero Energy Corp;0,1169%;Energy;US;7.028.291,08 USD;27.826
CI;Cigna Group/The;0,1164%;Health Care;US;6.996.875,82 USD;24.079
ITW;Illinois Tool Works Inc;0,1139%;Industrials;US;6.847.585,40 USD;26.540
MPWR;Monolithic Power Systems Inc;0,1138%;Technology;US;6.838.640,76 USD;4236
MPC;Marathon Petroleum Corp;0,1137%;Energy;US;6.834.678,83 USD;27.527
CIEN;Ciena Corp;0,1132%;Telecommunications;US;6.806.309,58 USD;12.901
NXPI;NXP Semiconductors NV;0,113%;Technology;US;6.790.149,52 USD;23.128
SHW;Sherwin-Williams Co/The;0,1129%;Industrials;US;6.785.649,39 USD;21.099
HLT;Hilton Worldwide Holdings Inc;0,1125%;Consumer Discretionary;US;6.764.313,11 USD;20.873
AEP;American Electric Power Co Inc;0,1116%;Utilities;US;6.710.437,62 USD;48.942
MSI;Motorola Solutions Inc;0,1114%;Telecommunications;US;6.693.451,38 USD;15.246
ROST;Ross Stores Inc;0,1104%;Consumer Discretionary;US;6.638.711,76 USD;29.144
PSX;Phillips 66;0,11%;Energy;US;6.609.918,40 USD;36.896
MCO;Moody's Corp;0,1093%;Financials;US;6.572.587,35 USD;14.231
REGN;Regeneron Pharmaceuticals Inc;0,1092%;Health Care;US;6.565.759,16 USD;9286
NSC;Norfolk Southern Corp;0,1085%;Industrials;US;6.521.257,84 USD;20.648
KKR;KKR & Co Inc;0,1077%;Financials;US;6.476.070,78 USD;62.067
HCA;HCA Healthcare Inc;0,1072%;Health Care;US;6.445.065,75 USD;14.835
TRP;TC Energy Corp;0,1058%;Energy;CA;6.361.748,29 USD;95.070
GM;General Motors Co;0,1058%;Consumer Discretionary;US;6.361.955,49 USD;82.741
DLR;Digital Realty Trust Inc;0,1053%;Real Estate;US;6.330.815,64 USD;31.506
BKR;Baker Hughes Co;0,1052%;Energy;US;6.321.716,46 USD;90.738
SPOT;Spotify Technology SA;0,1046%;Consumer Discretionary;US;6.284.744,70 USD;14.074
CL;Colgate-Palmolive Co;0,1045%;Consumer Staples;US;6.282.922,80 USD;73.605
RCL;Royal Caribbean Cruises Ltd;0,1016%;Consumer Discretionary;US;6.108.154,08 USD;23.158
APD;Air Products and Chemicals Inc;0,1015%;Basic Materials;US;6.103.917,15 USD;20.343
TRV;Travelers Cos Inc/The;0,1008%;Financials;US;6.059.470,12 USD;19.858
SPG;Simon Property Group Inc;0,1005%;Real Estate;US;6.040.408,92 USD;29.652
MFC;Manulife Financial Corp;0,1003%;Financials;CA;6.029.039,78 USD;153.644
AON;Aon PLC;0,0996%;Financials;US;5.986.173,20 USD;19.208
ABX;Barrick Mining Corp;0,0994%;Basic Materials;CA;5.976.647,94 USD;152.423
DELL;Dell Technologies Inc;0,0993%;Technology;US;5.969.074,65 USD;28.567
TFC;Truist Financial Corp;0,0991%;Financials;US;5.958.395,50 USD;115.697
ECL;Ecolab Inc;0,0989%;Basic Materials;US;5.942.983,00 USD;22.805
NET;Cloudflare Inc;0,0978%;Technology;US;5.879.769,42 USD;28.686
TDG;TransDigm Group Inc;0,0976%;Industrials;US;5.867.178,84 USD;5058
FIX;Comfort Systems USA Inc;0,0974%;Industrials;US;5.853.835,25 USD;3181
KMI;Kinder Morgan Inc;0,0973%;Energy;US;5.848.887,80 USD;177.940
WBD;Warner Bros Discovery Inc;0,0959%;Consumer Discretionary;US;5.763.786,95 USD;213.079
TEL;TE Connectivity PLC;0,0953%;Technology;US;5.729.847,86 USD;27.071
SRE;Sempra;0,0945%;Utilities;US;5.679.044,48 USD;59.704
AZO;AutoZone Inc;0,0942%;Consumer Discretionary;US;5.663.461,87 USD;1529
DASH;DoorDash Inc;0,0939%;Technology;US;5.641.679,80 USD;33.452
PCAR;PACCAR Inc;0,0932%;Industrials;US;5.602.251,60 USD;47.157
CNR;Canadian National Railway Co;0,0931%;Industrials;CA;5.596.026,82 USD;49.923
URI;United Rentals Inc;0,0928%;Industrials;US;5.579.549,92 USD;5813
KEYS;Keysight Technologies Inc;0,0917%;Industrials;US;5.513.881,78 USD;15.758
CTAS;Cintas Corp;0,0914%;Industrials;US;5.496.027,18 USD;31.458
LHX;L3Harris Technologies Inc;0,0911%;Industrials;US;5.476.596,75 USD;17.085
NA;National Bank of Canada;0,09%;Financials;CA;5.408.982,62 USD;35.906
TGT;Target Corp;0,0898%;Consumer Discretionary;US;5.396.821,50 USD;41.594
O;Realty Income Corp;0,0896%;Real Estate;US;5.383.440,48 USD;83.802
LNG;Cheniere Energy Inc;0,0893%;Energy;US;5.370.323,40 USD;19.532
ABNB;Airbnb Inc;0,0893%;Consumer Discretionary;US;5.365.401,36 USD;38.226
OKE;ONEOK Inc;0,088%;Energy;US;5.287.972,32 USD;57.192
WPM;Wheaton Precious Metals Corp;0,0871%;Basic Materials;CA;5.238.037,00 USD;41.552
ALL;Allstate Corp/The;0,0862%;Financials;US;5.182.737,30 USD;23.855
COR;Cencora Inc;0,0858%;Consumer Staples;US;5.159.783,52 USD;16.752
COHR;Coherent Corp;0,0851%;Technology;US;5.117.278,26 USD;16.006
TRGP;Targa Resources Corp;0,0842%;Energy;US;5.060.636,64 USD;19.458
HOOD;Robinhood Markets Inc;0,0841%;Financials;US;5.057.982,88 USD;69.392
D;Dominion Energy Inc;0,0838%;Utilities;US;5.037.514,50 USD;78.101
CTVA;Corteva Inc;0,0836%;Consumer Staples;US;5.022.620,00 USD;62.000
AME;AMETEK Inc;0,0826%;Industrials;US;4.966.224,00 USD;21.088
APO;Apollo Global Management Inc;0,082%;Financials;US;4.930.619,60 USD;38.305
MNST;Monster Beverage Corp;0,0818%;Consumer Staples;US;4.918.992,75 USD;63.825
TER;Teradyne Inc;0,0818%;Technology;US;4.917.459,99 USD;14.317
CVNA;Carvana Co;0,0816%;Consumer Discretionary;US;4.904.753,60 USD;12.392
AFL;Aflac Inc;0,0815%;Financials;US;4.897.130,94 USD;43.082
VST;Vistra Corp;0,0813%;Utilities;US;4.884.200,96 USD;30.944
CCO;Cameco Corp;0,081%;Energy;CA;4.868.563,15 USD;39.685
CARR;Carrier Global Corp;0,0803%;Industrials;US;4.827.440,73 USD;71.869
ETR;Entergy Corp;0,0802%;Utilities;US;4.822.519,00 USD;40.900
AJG;Arthur J Gallagher & Co;0,0798%;Financials;US;4.796.116,80 USD;23.237
FTNT;Fortinet Inc;0,0794%;Technology;US;4.774.306,68 USD;56.628
NKE;NIKE Inc;0,0791%;Consumer Discretionary;US;4.751.931,92 USD;107.122
NUE;Nucor Corp;0,0789%;Basic Materials;US;4.744.832,69 USD;21.061
MSTR;Strategy Inc;0,0786%;Technology;US;4.724.921,10 USD;28.558
FAST;Fastenal Co;0,0785%;Basic Materials;US;4.719.267,48 USD;105.036
FERG;Ferguson Enterprises Inc;0,078%;Industrials;US;4.688.405,23 USD;17.513
EA;Electronic Arts Inc;0,0775%;Consumer Discretionary;US;4.661.390,58 USD;23.034
GWW;WW Grainger Inc;0,0773%;Industrials;US;4.645.400,00 USD;4000
ZTS;Zoetis Inc;0,0772%;Health Care;US;4.642.603,57 USD;40.381
ADSK;Autodesk Inc;0,0768%;Technology;US;4.618.419,00 USD;19.487
XEL;Xcel Energy Inc;0,0749%;Utilities;US;4.503.189,60 USD;54.288
MCHP;Microchip Technology Inc;0,0744%;Technology;US;4.475.103,06 USD;48.166
NU;NU Holdings Ltd/Cayman Islands;0,0738%;Financials;US;4.433.891,84 USD;306.208
EW;Edwards Lifesciences Corp;0,0733%;Health Care;US;4.406.545,50 USD;52.773
PSA;Public Storage;0,0728%;Real Estate;US;4.375.241,70 USD;14.466
F;Ford Motor Co;0,0718%;Consumer Discretionary;US;4.316.111,52 USD;357.294
CLS;Celestica Inc;0,0717%;Technology;CA;4.307.054,71 USD;10.512
EBAY;eBay Inc;0,0713%;Consumer Discretionary;US;4.285.106,80 USD;41.410
EXC;Exelon Corp;0,0709%;Utilities;US;4.261.709,34 USD;92.666
ROK;Rockwell Automation Inc;0,0703%;Industrials;US;4.224.449,21 USD;10.331
CAH;Cardinal Health Inc;0,0702%;Health Care;US;4.218.092,72 USD;21.869
FITB;Fifth Third Bancorp;0,07%;Financials;US;4.208.054,76 USD;82.901
WAB;Westinghouse Air Brake Technologies Corp;0,0698%;Industrials;US;4.195.440,05 USD;15.545
SNOW;Snowflake Inc;0,0689%;Technology;US;4.142.410,38 USD;30.354
CMG;Chipotle Mexican Grill Inc;0,0682%;Consumer Discretionary;US;4.101.573,30 USD;120.670
IDXX;IDEXX Laboratories Inc;0,068%;Health Care;US;4.088.792,80 USD;7291
YUM;Yum! Brands Inc;0,0677%;Consumer Discretionary;US;4.072.352,20 USD;25.508
MET;MetLife Inc;0,0677%;Financials;US;4.072.123,80 USD;50.838
ATD;Alimentation Couche-Tard Inc;0,0674%;Consumer Discretionary;CA;4.053.542,37 USD;68.657
FNV;Franco-Nevada Corp;0,0671%;Basic Materials;CA;4.033.578,88 USD;17.519
AMP;Ameriprise Financial Inc;0,0661%;Financials;US;3.973.042,72 USD;8368
OXY;Occidental Petroleum Corp;0,065%;Energy;US;3.910.257,26 USD;64.547
BDX;Becton Dickinson & Co;0,065%;Health Care;US;3.905.444,16 USD;26.204
CBRE;CBRE Group Inc;0,0648%;Real Estate;US;3.893.246,21 USD;27.277
STT;State Street Corp;0,0646%;Financials;US;3.883.970,08 USD;25.412
RSG;Republic Services Inc;0,0645%;Utilities;US;3.879.984,90 USD;18.545
MSCI;MSCI Inc;0,0643%;Financials;US;3.863.090,12 USD;6532
PYPL;PayPal Holdings Inc;0,0643%;Industrials;US;3.862.936,02 USD;77.043
WCN;Waste Connections Inc;0,0642%;Utilities;CA;3.860.850,49 USD;23.485
NDAQ;Nasdaq Inc;0,0638%;Financials;US;3.834.760,93 USD;41.723
COIN;Coinbase Global Inc;0,0636%;Financials;US;3.825.438,21 USD;20.373
DDOG;Datadog Inc;0,0629%;Technology;US;3.781.955,90 USD;28.610
VTR;Ventas Inc;0,0628%;Real Estate;US;3.772.356,96 USD;42.936
GRMN;Garmin Ltd;0,0623%;Consumer Discretionary;US;3.745.753,10 USD;14.915
PEG;Public Service Enterprise Group Inc;0,0622%;Utilities;US;3.736.026,66 USD;45.751
ON;ON Semiconductor Corp;0,0617%;Technology;US;3.706.582,08 USD;36.768
RKLB;Rocket Lab Corp;0,0615%;Industrials;US;3.695.952,94 USD;44.794
AIG;American International Group Inc;0,0615%;Financials;US;3.694.521,60 USD;49.392
FANG;Diamondback Energy Inc;0,0615%;Energy;US;3.694.759,84 USD;17.968
ED;Consolidated Edison Inc;0,0614%;Utilities;US;3.692.325,82 USD;33.118
SLF;Sun Life Financial Inc;0,0612%;Financials;CA;3.676.218,96 USD;51.126
VMC;Vulcan Materials Co;0,0608%;Industrials;US;3.653.166,18 USD;12.107
DHI;DR Horton Inc;0,0606%;Consumer Discretionary;US;3.643.250,94 USD;23.679
KR;Kroger Co/The;0,0602%;Consumer Staples;US;3.618.737,34 USD;53.162
CVE;Cenovus Energy Inc;0,0601%;Energy;CA;3.614.585,26 USD;123.800
EME;EMCOR Group Inc;0,06%;Industrials;US;3.605.021,81 USD;4043
ALNY;Alnylam Pharmaceuticals Inc;0,0596%;Health Care;US;3.581.727,77 USD;11.573
ODFL;Old Dominion Freight Line Inc;0,0595%;Industrials;US;3.575.621,76 USD;16.832
TTWO;Take-Two Interactive Software Inc;0,0594%;Consumer Discretionary;US;3.568.509,44 USD;16.694
WEC;WEC Energy Group Inc;0,0586%;Utilities;US;3.523.693,38 USD;29.877
HIG;Hartford Financial Services Group Inc/The;0,0586%;Financials;US;3.521.078,97 USD;25.737
CCI;Crown Castle Inc;0,0586%;Real Estate;US;3.520.304,56 USD;39.652
HPE;Hewlett Packard Enterprise Co;0,0583%;Technology;US;3.504.588,78 USD;121.814
KDP;Keurig Dr Pepper Inc;0,0581%;Consumer Staples;US;3.494.484,00 USD;118.860
ROP;Roper Technologies Inc;0,0581%;Technology;US;3.492.394,83 USD;9843
XYZ;Block Inc;0,0575%;Industrials;US;3.458.233,46 USD;49.046
MLM;Martin Marietta Materials Inc;0,0566%;Industrials;US;3.403.027,79 USD;5497
IRM;Iron Mountain Inc;0,0563%;Real Estate;US;3.384.091,40 USD;26.860
NTR;Nutrien Ltd;0,0562%;Basic Materials;CA;3.380.070,16 USD;44.558
FFH;Fairfax Financial Holdings Ltd;0,0559%;Financials;CA;3.362.540,95 USD;1947
K;Kinross Gold Corp;0,0558%;Basic Materials;CA;3.355.851,88 USD;111.000
PCG;PG&E Corp;0,0555%;Utilities;US;3.334.337,64 USD;200.622
EQT;EQT Corp;0,0552%;Energy;US;3.316.416,00 USD;55.200
CSU;Constellation Software Inc/Canada;0,0549%;Technology;CA;3.297.065,95 USD;1814
SYY;Sysco Corp;0,0546%;Consumer Staples;US;3.284.176,89 USD;43.959
ADM;Archer-Daniels-Midland Co;0,0544%;Consumer Staples;US;3.270.218,88 USD;43.872
HAL;Halliburton Co;0,0539%;Energy;US;3.239.418,60 USD;76.582
PRU;Prudential Financial Inc;0,0525%;Financials;US;3.155.315,71 USD;32.161
RBLX;ROBLOX Corp;0,0523%;Consumer Discretionary;US;3.142.636,20 USD;56.870
IFC;Intact Financial Corp;0,0522%;Financials;CA;3.139.110,84 USD;16.324
IBKR;Interactive Brokers Group Inc;0,0519%;Financials;US;3.122.362,50 USD;39.275
DOL;Dollarama Inc;0,0516%;Consumer Discretionary;CA;3.100.081,99 USD;24.306
FLEX;Flex Ltd;0,0512%;Technology;US;3.080.291,30 USD;33.646
HBAN;Huntington Bancshares Inc/OH;0,0512%;Financials;US;3.075.996,32 USD;183.532
FISV;Fiserv Inc;0,0512%;Industrials;US;3.075.112,60 USD;49.084
KVUE;Kenvue Inc;0,0508%;Consumer Staples;US;3.053.322,81 USD;174.177
ACGL;Arch Capital Group Ltd;0,0506%;Financials;US;3.042.839,98 USD;32.213
MTB;M&T Bank Corp;0,0505%;Financials;US;3.037.426,59 USD;13.893
CRWV;Coreweave Inc;0,0504%;Technology;US;3.026.480,40 USD;27.119
A;Agilent Technologies Inc;0,0503%;Health Care;US;3.021.748,05 USD;26.151
KMB;Kimberly-Clark Corp;0,0498%;Consumer Staples;US;2.994.831,18 USD;30.426
NRG;NRG Energy Inc;0,0485%;Utilities;US;2.917.280,58 USD;18.751
IR;Ingersoll Rand Inc;0,0484%;Industrials;US;2.911.216,44 USD;36.454
CBOE;Cboe Global Markets Inc;0,048%;Financials;US;2.885.365,35 USD;9615
STLD;Steel Dynamics Inc;0,0479%;Basic Materials;US;2.877.228,78 USD;12.583
DTE;DTE Energy Co;0,0477%;Utilities;US;2.866.941,00 USD;18.900
DVN;Devon Energy Corp;0,0475%;Energy;US;2.854.887,75 USD;55.575
RMD;ResMed Inc;0,0474%;Health Care;US;2.846.666,34 USD;13.314
NTRS;Northern Trust Corp;0,0469%;Financials;US;2.820.294,70 USD;16.955
DOV;Dover Corp;0,0469%;Industrials;US;2.817.219,63 USD;12.443
AEE;Ameren Corp;0,0466%;Utilities;US;2.800.790,60 USD;24.644
WAT;Waters Corp;0,0464%;Health Care;US;2.791.109,98 USD;9026
CCL;Carnival Corp;0,0462%;Consumer Discretionary;US;2.779.467,46 USD;104.846
ATO;Atmos Energy Corp;0,0462%;Utilities;US;2.777.697,58 USD;14.621
AXON;Axon Enterprise Inc;0,0462%;Industrials;US;2.776.965,12 USD;6912
OTIS;Otis Worldwide Corp;0,0462%;Industrials;US;2.774.708,64 USD;35.628
EXR;Extra Space Storage Inc;0,0461%;Real Estate;US;2.770.425,57 USD;19.329
TDY;Teledyne Technologies Inc;0,0458%;Industrials;US;2.754.550,25 USD;4265
PAYX;Paychex Inc;0,0456%;Industrials;US;2.742.774,30 USD;29.610
POW;Power Corp of Canada;0,0452%;Financials;CA;2.716.911,48 USD;48.799
Q;Qnity Electronics Inc;0,0448%;Technology;US;2.690.122,50 USD;19.125
CPRT;Copart Inc;0,0445%;Consumer Discretionary;US;2.674.427,14 USD;80.774
FTS;Fortis Inc/Canada;0,044%;Utilities;CA;2.644.236,10 USD;46.332
EXPE;Expedia Group Inc;0,0439%;Consumer Discretionary;US;2.640.918,21 USD;10.633
VICI;VICI Properties Inc;0,0438%;Real Estate;US;2.633.898,40 USD;90.202
XYL;Xylem Inc/NY;0,0438%;Industrials;US;2.633.077,44 USD;22.284
CNP;CenterPoint Energy Inc;0,0435%;Utilities;US;2.615.944,50 USD;59.930
DOW;Dow Inc;0,0435%;Industrials;US;2.615.411,06 USD;64.594
INSM;Insmed Inc;0,0434%;Health Care;US;2.611.128,49 USD;19.153
HUM;Humana Inc;0,0433%;Health Care;US;2.604.859,48 USD;11.017
TECK/B;Teck Resources Ltd;0,0426%;Basic Materials;CA;2.559.844,32 USD;43.937
CFG;Citizens Financial Group Inc;0,0424%;Financials;US;2.547.162,85 USD;39.157
PPL;PPL Corp;0,0423%;Utilities;US;2.542.288,32 USD;67.903
GEHC;GE HealthCare Technologies Inc;0,0423%;Health Care;US;2.542.381,92 USD;41.788
BIIB;Biogen Inc;0,0422%;Health Care;US;2.534.459,20 USD;13.390
QSR;Restaurant Brands International Inc;0,0418%;Consumer Discretionary;CA;2.514.724,47 USD;31.227
NTRA;Natera Inc;0,0415%;Health Care;US;2.491.443,60 USD;12.085
HSY;Hershey Co/The;0,0413%;Consumer Staples;US;2.483.715,28 USD;13.372
HUBB;Hubbell Inc;0,0413%;Industrials;US;2.482.918,62 USD;4886
RJF;Raymond James Financial Inc;0,0413%;Financials;US;2.481.032,72 USD;15.671
CTRA;Coterra Energy Inc;0,0411%;Energy;US;2.472.511,23 USD;68.853
PPL;Pembina Pipeline Corp;0,041%;Energy;CA;2.463.280,25 USD;53.025
IQV;IQVIA Holdings Inc;0,0408%;Health Care;US;2.450.775,75 USD;15.475
LPLA;LPL Financial Holdings Inc;0,0404%;Financials;US;2.431.129,88 USD;7276
SYF;Synchrony Financial;0,0403%;Industrials;US;2.423.998,20 USD;31.811
ES;Eversource Energy;0,0402%;Utilities;US;2.418.364,20 USD;34.206
EIX;Edison International;0,0402%;Utilities;US;2.414.291,07 USD;34.743
CNC;Centene Corp;0,04%;Health Care;US;2.404.936,17 USD;44.793
MTD;Mettler-Toledo International Inc;0,0399%;Industrials;US;2.396.196,97 USD;1877
AVB;AvalonBay Communities Inc;0,0398%;Real Estate;US;2.392.359,00 USD;13.073
CPNG;Coupang Inc;0,0397%;Consumer Discretionary;US;2.385.152,46 USD;119.377
FE;FirstEnergy Corp;0,0396%;Utilities;US;2.382.700,32 USD;50.141
WDAY;Workday Inc;0,0394%;Technology;US;2.370.765,60 USD;19.369
ZM;Zoom Video Communications Inc;0,0393%;Technology;US;2.360.162,10 USD;24.294
VRSK;Verisk Analytics Inc;0,0392%;Industrials;US;2.354.645,87 USD;12.763
CTSH;Cognizant Technology Solutions Corp;0,0391%;Technology;US;2.347.173,00 USD;44.370
L;Loblaw Cos Ltd;0,0389%;Consumer Staples;CA;2.339.359,17 USD;50.848
TPL;Texas Pacific Land Corp;0,0389%;Energy;US;2.336.809,89 USD;5267
DG;Dollar General Corp;0,0389%;Consumer Discretionary;US;2.335.677,28 USD;20.156
CINF;Cincinnati Financial Corp;0,0385%;Financials;US;2.316.085,20 USD;14.157
ALAB;Astera Labs Inc;0,0383%;Technology;US;2.300.074,14 USD;11.811
LYV;Live Nation Entertainment Inc;0,038%;Consumer Discretionary;US;2.284.444,16 USD;14.464
AWK;American Water Works Co Inc;0,0379%;Utilities;US;2.281.252,88 USD;17.764
RF;Regions Financial Corp;0,0378%;Financials;US;2.270.524,40 USD;79.528
EQR;Equity Residential;0,0376%;Real Estate;US;2.257.767,54 USD;34.533
WTW;Willis Towers Watson PLC;0,0375%;Financials;US;2.250.973,20 USD;8786
PPG;PPG Industries Inc;0,0373%;Industrials;US;2.242.695,00 USD;20.670
FIS;Fidelity National Information Services Inc;0,0368%;Industrials;US;2.213.339,04 USD;47.568
OMC;Omnicom Group Inc;0,0366%;Consumer Discretionary;US;2.197.107,36 USD;28.638
ULTA;Ulta Beauty Inc;0,0364%;Consumer Discretionary;US;2.184.856,20 USD;4065
FICO;Fair Isaac Corp;0,0361%;Industrials;US;2.171.975,00 USD;2119
PHM;PulteGroup Inc;0,0361%;Consumer Discretionary;US;2.168.708,64 USD;17.724
SBAC;SBA Communications Corp;0,0357%;Real Estate;US;2.144.312,80 USD;9694
DXCM;Dexcom Inc;0,0355%;Health Care;US;2.134.450,65 USD;35.843
VEEV;Veeva Systems Inc;0,0355%;Health Care;US;2.131.797,96 USD;13.668
CHD;Church & Dwight Co Inc;0,0354%;Consumer Staples;US;2.128.525,80 USD;21.930
CMS;CMS Energy Corp;0,0353%;Utilities;US;2.119.942,50 USD;27.625
EXE;Expand Energy Corp;0,0353%;Energy;US;2.119.306,05 USD;20.747
DRI;Darden Restaurants Inc;0,0351%;Consumer Discretionary;US;2.112.498,48 USD;10.533
NI;NiSource Inc;0,035%;Utilities;US;2.102.449,16 USD;43.547
P;Everpure Inc;0,0342%;Technology;US;2.056.402,45 USD;28.781
WSP;WSP Global Inc;0,034%;Industrials;CA;2.042.816,84 USD;12.303
VRSN;VeriSign Inc;0,0339%;Technology;US;2.039.666,72 USD;7592
BAP;Credicorp Ltd;0,0339%;Financials;US;2.036.111,77 USD;6281
STZ;Constellation Brands Inc;0,0338%;Consumer Staples;US;2.029.903,12 USD;12.964
TROW;T Rowe Price Group Inc;0,0337%;Financials;US;2.027.867,68 USD;19.711
MKL;Markel Group Inc;0,0335%;Financials;US;2.015.298,39 USD;1137
ARES;Ares Management Corp;0,0334%;Financials;US;2.010.357,60 USD;17.124
PFG;Principal Financial Group Inc;0,0334%;Financials;US;2.009.219,01 USD;19.911
NTAP;NetApp Inc;0,0333%;Technology;US;2.003.053,91 USD;18.083
VLTO;Veralto Corp;0,0333%;Industrials;US;2.002.228,20 USD;22.701
DGX;Quest Diagnostics Inc;0,0328%;Health Care;US;1.974.237,20 USD;10.166
PAAS;Pan American Silver Corp;0,0328%;Basic Materials;CA;1.973.278,14 USD;37.786
LH;Labcorp Holdings Inc;0,0326%;Health Care;US;1.959.640,80 USD;7631
WST;West Pharmaceutical Services Inc;0,0324%;Health Care;US;1.946.536,19 USD;6541
STE;STERIS PLC;0,0324%;Health Care;US;1.945.413,60 USD;8970
EFX;Equifax Inc;0,0321%;Industrials;US;1.932.473,40 USD;11.110
TWLO;Twilio Inc;0,0318%;Technology;US;1.911.454,60 USD;12.910
WSM;Williams-Sonoma Inc;0,0318%;Consumer Discretionary;US;1.909.047,35 USD;10.535
CPAY;Corpay Inc;0,0316%;Industrials;US;1.900.420,47 USD;6201
FSLR;First Solar Inc;0,0312%;Energy;US;1.873.942,98 USD;9282
KEY;KeyCorp;0,0311%;Financials;US;1.871.257,74 USD;84.634
BURL;Burlington Stores Inc;0,0306%;Consumer Discretionary;US;1.837.177,41 USD;5741
SW;Smurfit Westrock PLC;0,0304%;Industrials;US;1.824.484,75 USD;47.525
EXPD;Expeditors International of Washington Inc;0,0301%;Industrials;US;1.811.356,72 USD;12.248
MDB;MongoDB Inc;0,0301%;Technology;US;1.807.731,81 USD;7207
SNA;Snap-on Inc;0,0298%;Industrials;US;1.793.545,20 USD;4678
SOFI;SoFi Technologies Inc;0,0298%;Financials;US;1.789.128,60 USD;111.126
ILMN;Illumina Inc;0,0296%;Health Care;US;1.780.063,30 USD;14.045
RBA;RB Global Inc;0,0294%;Consumer Discretionary;CA;1.767.978,49 USD;16.956
KHC;Kraft Heinz Co/The;0,0294%;Consumer Staples;US;1.767.208,08 USD;77.988
JBHT;JB Hunt Transport Services Inc;0,0293%;Industrials;US;1.760.961,53 USD;7001
HPQ;HP Inc;0,0292%;Technology;US;1.757.100,38 USD;84.233
RPRX;Royalty Pharma PLC;0,0292%;Health Care;US;1.753.200,09 USD;35.001
RDDT;Reddit Inc;0,0291%;Technology;US;1.746.883,95 USD;11.865
LYB;LyondellBasell Industries NV;0,029%;Basic Materials;US;1.744.371,80 USD;23.383
DD;DuPont de Nemours Inc;0,029%;Industrials;US;1.743.892,38 USD;38.193
L;Loews Corp;0,0289%;Financials;US;1.736.784,03 USD;15.423
EVRG;Evergy Inc;0,0289%;Utilities;US;1.735.829,36 USD;20.954
LDOS;Leidos Holdings Inc;0,0289%;Technology;US;1.735.130,16 USD;11.628
FTV;Fortive Corp;0,0288%;Industrials;US;1.730.741,13 USD;28.947
GIS;General Mills Inc;0,0286%;Consumer Staples;US;1.722.421,80 USD;48.780
EL;Estee Lauder Cos Inc/The;0,0286%;Consumer Discretionary;US;1.720.912,14 USD;22.434
PKG;Packaging Corp of America;0,0286%;Industrials;US;1.717.845,60 USD;8048
LNT;Alliant Energy Corp;0,0286%;Utilities;US;1.716.059,10 USD;23.370
TSCO;Tractor Supply Co;0,0283%;Consumer Discretionary;US;1.700.946,00 USD;48.460
BBD/B;Bombardier Inc;0,0282%;Industrials;CA;1.694.389,54 USD;7990
BAM;Brookfield Asset Management Ltd;0,0279%;Financials;CA;1.677.504,68 USD;34.987
FFIV;F5 Inc;0,0279%;Technology;US;1.675.858,60 USD;5174
DLTR;Dollar Tree Inc;0,0278%;Consumer Discretionary;US;1.671.845,76 USD;17.216
LEN;Lennar Corp;0,0275%;Consumer Discretionary;US;1.652.490,00 USD;18.300
FWONK;Liberty Media Corp-Liberty Formula One;0,0273%;Consumer Discretionary;US;1.642.590,45 USD;19.111
CDW;CDW Corp/DE;0,0273%;Technology;US;1.640.318,71 USD;11.981
IFF;International Flavors & Fragrances Inc;0,0273%;Basic Materials;US;1.639.170,00 USD;23.350
BR;Broadridge Financial Solutions Inc;0,0272%;Financials;US;1.635.421,58 USD;10.621
WY;Weyerhaeuser Co;0,027%;Real Estate;US;1.623.689,88 USD;66.219
TSN;Tyson Foods Inc;0,027%;Consumer Staples;US;1.622.893,10 USD;25.330
TOU;Tourmaline Oil Corp;0,0269%;Energy;CA;1.615.196,39 USD;33.411
INVH;Invitation Homes Inc;0,0267%;Real Estate;US;1.607.523,75 USD;55.875
LUN;Lundin Mining Corp;0,0266%;Basic Materials;CA;1.599.421,16 USD;62.449
AMCR;Amcor PLC;0,0266%;Industrials;US;1.598.060,40 USD;42.010
FCNCA;First Citizens BancShares Inc/NC;0,0265%;Financials;US;1.591.023,64 USD;802
IMO;Imperial Oil Ltd;0,0264%;Energy;CA;1.585.382,15 USD;11.859
BRO;Brown & Brown Inc;0,026%;Financials;US;1.564.260,90 USD;26.006
FLUT;Flutter Entertainment PLC;0,0259%;Consumer Discretionary;US;1.555.271,30 USD;14.410
TXT;Textron Inc;0,0258%;Industrials;US;1.548.506,52 USD;16.137
MG;Magna International Inc;0,0257%;Consumer Discretionary;CA;1.544.044,89 USD;24.310
ESS;Essex Property Trust Inc;0,0255%;Real Estate;US;1.531.355,78 USD;5818
NVR;NVR Inc;0,0254%;Consumer Discretionary;US;1.528.440,54 USD;242
ROL;Rollins Inc;0,0254%;Consumer Discretionary;US;1.528.005,14 USD;27.418
LVS;Las Vegas Sands Corp;0,0254%;Consumer Discretionary;US;1.525.421,13 USD;27.933
FM;First Quantum Minerals Ltd;0,0252%;Basic Materials;CA;1.516.774,27 USD;62.071
AGI;Alamos Gold Inc;0,0252%;Basic Materials;CA;1.513.586,07 USD;38.010
IEX;IDEX Corp;0,025%;Industrials;US;1.503.165,00 USD;6900
BALL;Ball Corp;0,025%;Industrials;US;1.500.613,44 USD;24.568
ZBH;Zimmer Biomet Holdings Inc;0,0248%;Health Care;US;1.492.147,86 USD;18.102
PTC;PTC Inc;0,0244%;Technology;US;1.467.133,20 USD;10.764
TRMB;Trimble Inc;0,0244%;Industrials;US;1.465.489,08 USD;21.769
EMA;Emera Inc;0,0244%;Utilities;CA;1.464.201,75 USD;27.500
GPN;Global Payments Inc;0,0242%;Industrials;US;1.454.239,64 USD;20.209
IP;International Paper Co;0,0241%;Basic Materials;US;1.450.608,12 USD;47.686
WPC;WP Carey Inc;0,024%;Real Estate;US;1.442.774,19 USD;19.783
KIM;Kimco Realty Corp;0,024%;Real Estate;US;1.439.510,52 USD;60.893
SUI;Sun Communities Inc;0,0238%;Real Estate;US;1.431.552,32 USD;11.198
HEI/A;HEICO Corp;0,0235%;Industrials;US;1.412.975,20 USD;6760
INCY;Incyte Corp;0,0231%;Health Care;US;1.390.275,11 USD;14.593
J;Jacobs Solutions Inc;0,0231%;Industrials;US;1.387.275,20 USD;10.720
WRB;W R Berkley Corp;0,0228%;Financials;US;1.372.955,52 USD;20.544
MAA;Mid-America Apartment Communities Inc;0,0228%;Real Estate;US;1.370.212,26 USD;10.607
GPC;Genuine Parts Co;0,0226%;Consumer Discretionary;US;1.355.494,43 USD;12.641
DECK;Deckers Outdoor Corp;0,0226%;Consumer Discretionary;US;1.355.376,40 USD;13.262
EG;Everest Group Ltd;0,0225%;Financials;US;1.354.974,48 USD;3798
TYL;Tyler Technologies Inc;0,0225%;Technology;US;1.351.937,82 USD;3963
SSNC;SS&C Technologies Holdings Inc;0,022%;Technology;US;1.323.422,10 USD;19.097
CSGP;CoStar Group Inc;0,0219%;Real Estate;US;1.317.741,14 USD;38.074
SCCO;Southern Copper Corp;0,0219%;Basic Materials;US;1.314.802,02 USD;7658
WCP;Whitecap Resources Inc;0,0216%;Energy;CA;1.299.983,42 USD;110.381
GWO;Great-West Lifeco Inc;0,0216%;Financials;CA;1.297.812,09 USD;24.338
LULU;Lululemon Athletica Inc;0,0215%;Consumer Discretionary;US;1.294.793,10 USD;9403
SMCI;Super Micro Computer Inc;0,0213%;Technology;US;1.281.114,40 USD;46.756
TRU;TransUnion;0,021%;Industrials;US;1.260.605,00 USD;17.755
ARX;ARC Resources Ltd;0,0207%;Energy;CA;1.242.473,84 USD;52.487
CHTR;Charter Communications Inc;0,0206%;Telecommunications;US;1.240.096,36 USD;7508
H;Hydro One Ltd;0,0206%;Utilities;CA;1.240.391,18 USD;28.929
FNF;Fidelity National Financial Inc;0,0205%;Financials;US;1.229.886,80 USD;23.516
PNR;Pentair PLC;0,02%;Industrials;US;1.201.691,19 USD;14.889
CG;Carlyle Group Inc/The;0,02%;Financials;US;1.200.227,97 USD;23.971
RIVN;Rivian Automotive Inc;0,02%;Consumer Discretionary;US;1.199.824,00 USD;73.160
APTV;Aptiv Holdings Ltd;0,0199%;Consumer Discretionary;US;1.195.076,32 USD;19.832
SOLS;Solstice Advanced Materials Inc;0,0198%;Basic Materials;US;1.189.340,35 USD;14.513
ZS;Zscaler Inc;0,0198%;Technology;US;1.187.619,84 USD;9088
MRU;Metro Inc/CN;0,0197%;Consumer Staples;CA;1.186.302,20 USD;17.732
MKC;McCormick & Co Inc/MD;0,0196%;Consumer Staples;US;1.175.014,08 USD;23.112
FOXA;Fox Corp;0,0195%;Consumer Discretionary;US;1.172.215,87 USD;18.463
;Thomson Reuters Corp;0,0195%;Technology;CA;1.170.615,15 USD;12.262
TIH;Toromont Industries Ltd;0,0192%;Industrials;CA;1.155.339,73 USD;7445
AVY;Avery Dennison Corp;0,0192%;Basic Materials;US;1.153.083,62 USD;7034
GIB/A;CGI Inc;0,019%;Technology;CA;1.142.419,36 USD;17.489
OKTA;Okta Inc;0,0187%;Technology;US;1.125.592,95 USD;15.283
COO;Cooper Cos Inc/The;0,0187%;Health Care;US;1.124.526,20 USD;17.878
EQH;Equitable Holdings Inc;0,0185%;Financials;US;1.111.505,80 USD;26.339
PODD;Insulet Corp;0,0183%;Health Care;US;1.102.212,42 USD;6403
ALLE;Allegion plc;0,018%;Industrials;US;1.080.180,36 USD;7857
IAG;iA Financial Corp Inc;0,0179%;Financials;CA;1.076.200,71 USD;8379
BBY;Best Buy Co Inc;0,0177%;Consumer Discretionary;US;1.065.773,31 USD;17.619
GDDY;GoDaddy Inc;0,0177%;Technology;US;1.061.702,07 USD;12.233
ALA;AltaGas Ltd;0,0176%;Utilities;CA;1.060.877,47 USD;28.363
HEI;HEICO Corp;0,0176%;Industrials;US;1.059.436,00 USD;3925
PINS;Pinterest Inc;0,0175%;Technology;US;1.053.028,92 USD;53.562
ATRL;AtkinsRealis Group Inc;0,0173%;Industrials;CA;1.041.696,94 USD;15.127
TEAM;Atlassian Corp;0,0173%;Technology;US;1.037.149,39 USD;15.121
HUBS;HubSpot Inc;0,0171%;Technology;US;1.030.518,72 USD;4647
WN;George Weston Ltd;0,0171%;Consumer Staples;CA;1.027.402,80 USD;14.265
X;TMX Group Ltd;0,017%;Financials;CA;1.019.350,23 USD;25.044
DAL;Delta Air Lines Inc;0,017%;Consumer Discretionary;US;1.018.898,14 USD;14.986
JKHY;Jack Henry & Associates Inc;0,017%;Industrials;US;1.019.055,00 USD;6628
GIL;Gildan Activewear Inc;0,0169%;Consumer Discretionary;CA;1.017.037,91 USD;16.421
TFII;TFI International Inc;0,0169%;Industrials;CA;1.016.138,24 USD;7116
DPZ;Domino's Pizza Inc;0,0162%;Consumer Discretionary;US;970.741,20 USD;2860
GFL;GFL Environmental Inc;0,0161%;Utilities;CA;965.792,37 USD;24.120
GEN;Gen Digital Inc;0,016%;Technology;US;961.452,18 USD;49.842
IT;Gartner Inc;0,0159%;Technology;US;955.978,62 USD;6438
STN;Stantec Inc;0,0158%;Industrials;CA;949.203,47 USD;10.414
EQX;Equinox Gold Corp;0,0157%;Basic Materials;CA;945.109,46 USD;67.776
TTD;Trade Desk Inc/The;0,0157%;Consumer Discretionary;US;941.972,29 USD;39.931
IMG;IAMGOLD Corp;0,0151%;Basic Materials;CA;907.631,52 USD;54.041
NWSA;News Corp;0,0149%;Consumer Discretionary;US;896.511,84 USD;34.062
EFN;Element Fleet Management Corp;0,0146%;Industrials;CA;878.619,26 USD;36.876
AG;First Majestic Silver Corp;0,0144%;Basic Materials;CA;867.404,63 USD;44.119
CHKP;Check Point Software Technologies Ltd;0,0143%;Technology;US;858.371,04 USD;7632
DOCU;DocuSign Inc;0,014%;Technology;US;843.548,58 USD;18.342
FOX;Fox Corp;0,0133%;Consumer Discretionary;US;800.674,84 USD;14.042
KEY;Keyera Corp;0,0133%;Energy;CA;796.203,07 USD;20.650
CAE;CAE Inc;0,0127%;Industrials;CA;761.120,42 USD;29.182
GFS;GLOBALFOUNDRIES Inc;0,0121%;Technology;US;725.910,20 USD;11.237
BRK/A;Berkshire Hathaway Inc;0,0118%;Financials;US;711.900,00 USD;1
UAL;United Airlines Holdings Inc;0,0112%;Consumer Discretionary;US;674.100,00 USD;7490
BCE;BCE Inc;0,0112%;Telecommunications;CA;672.660,08 USD;28.363
SAP;Saputo Inc;0,0112%;Consumer Staples;CA;672.324,86 USD;22.249
Z;Zillow Group Inc;0,0109%;Real Estate;US;653.523,60 USD;14.719
CTC/A;Canadian Tire Corp Ltd;0,0103%;Consumer Discretionary;CA;619.151,80 USD;4461
LUG;Lundin Gold Inc;0,01%;Basic Materials;CA;599.411,31 USD;8937
T;TELUS Corp;0,0099%;Telecommunications;CA;595.081,31 USD;47.617
IVN;Ivanhoe Mines Ltd;0,0095%;Basic Materials;CA;572.644,92 USD;70.857
DSG;Descartes Systems Group Inc/The;0,0093%;Technology;CA;559.285,63 USD;7767
VSNT;Versant Media Group Inc;0,009%;Consumer Discretionary;US;542.283,67 USD;13.493
OTEX;Open Text Corp;0,0085%;Technology;CA;509.547,24 USD;22.525
FSV;FirstService Corp;0,0083%;Real Estate;CA;500.122,99 USD;3740
LUV;Southwest Airlines Co;0,0074%;Consumer Discretionary;US;446.621,76 USD;11.778
IGM;IGM Financial Inc;0,0068%;Financials;CA;410.447,59 USD;7377
UI;Ubiquiti Inc;0,0066%;Telecommunications;US;395.695,91 USD;391
NWS;News Corp;0,006%;Consumer Discretionary;US;362.468,16 USD;11.892
VGNT;Versigent PLC;0,0039%;Industrials;US;231.746,19 USD;6627
ZG;Zillow Group Inc;0,0035%;Real Estate;US;208.819,41 USD;4681
QBR/B;Quebecor Inc;0,0032%;Telecommunications;CA;194.674,98 USD;4634
FWONA;Liberty Media Corp-Liberty Formula One;0,0028%;Consumer Discretionary;US;168.062,40 USD;2122
LEN/B;Lennar Corp;0,0019%;Consumer Discretionary;US;111.977,46 USD;1267
BBD/A;Bombardier Inc;0,0005%;Industrials;CA;30.830,21 USD;145
2299955D;Constellation Software Inc/Canada;0,00%;Technology;CA;0,01 USD;1232
;Hologic Inc;0,00%;;US;201,18 USD;20.118
;;;;;;
"Le percentuali di allocazione totali mostrate nei dettagli delle partecipazioni o nel foglio di calcolo potrebbero non essere pari al 100%, a causa di arrotondamenti o omissioni di contanti e/o strumenti derivati.
Il valore degli investimenti e il reddito da essi derivante possono diminuire o aumentare, e gli investitori potrebbero non recuperare l'intero capitale investito.
Le esposizioni azionarie ponderate escludono eventuali investimenti temporanei in liquidità e i derivati su indici azionari.
";;;;;;
